{"stats":{"minecraft:picked_up":{"minecraft:birch_sapling":1,"minecraft:potato":1},"minecraft:used":{"minecraft:birch_sapling":1,"minecraft:potato":2},"minecraft:custom":{"minecraft:jump":404,"minecraft:open_chest":3,"minecraft:time_since_rest":22530,"minecraft:damage_dealt":124,"minecraft:damage_taken":20,"minecraft:leave_game":3,"minecraft:crouch_one_cm":420,"minecraft:play_time":22530,"minecraft:sprint_one_cm":42184,"minecraft:time_since_death":22530,"minecraft:walk_on_water_one_cm":394,"minecraft:walk_one_cm":21514,"minecraft:sneak_time":211,"minecraft:total_world_time":22530,"minecraft:walk_under_water_one_cm":9863,"minecraft:swim_one_cm":1685,"minecraft:fall_one_cm":2403,"minecraft:fly_one_cm":368530},"minecraft:mined":{"minecraft:spruce_leaves":3,"minecraft:birch_leaves":4}},"DataVersion":3465}