{"stats":{"minecraft:picked_up":{"minecraft:bone":1,"minecraft:rotten_flesh":1,"minecraft:potato":1,"minecraft:gunpowder":2,"minecraft:birch_sapling":1},"minecraft:used":{"minecraft:netherite_sword":13,"minecraft:wooden_sword":4,"minecraft:birch_sapling":1,"minecraft:potato":2},"minecraft:custom":{"minecraft:time_since_rest":24195,"minecraft:open_chest":3,"minecraft:crouch_one_cm":712,"minecraft:sprint_one_cm":47331,"minecraft:play_time":24195,"minecraft:damage_taken":20,"minecraft:walk_one_cm":23930,"minecraft:sneak_time":276,"minecraft:walk_under_water_one_cm":9863,"minecraft:mob_kills":6,"minecraft:jump":489,"minecraft:damage_dealt":1243,"minecraft:leave_game":4,"minecraft:walk_on_water_one_cm":394,"minecraft:time_since_death":24195,"minecraft:total_world_time":24195,"minecraft:swim_one_cm":1685,"minecraft:fall_one_cm":2403,"minecraft:fly_one_cm":409344},"minecraft:killed":{"minecraft:skeleton":3,"minecraft:zombie":2,"minecraft:creeper":1},"minecraft:mined":{"minecraft:spruce_leaves":3,"minecraft:birch_leaves":4}},"DataVersion":3465}