{"stats":{"minecraft:picked_up":{"minecraft:birch_sapling":1},"minecraft:custom":{"minecraft:jump":35,"minecraft:time_since_rest":2858,"minecraft:leave_game":1,"minecraft:walk_on_water_one_cm":8568,"minecraft:crouch_one_cm":470,"minecraft:sprint_one_cm":687,"minecraft:play_time":2858,"minecraft:damage_taken":20,"minecraft:time_since_death":2858,"minecraft:walk_one_cm":6594,"minecraft:sneak_time":229,"minecraft:total_world_time":2858,"minecraft:walk_under_water_one_cm":1827,"minecraft:fall_one_cm":673,"minecraft:fly_one_cm":50656},"minecraft:used":{"minecraft:birch_sapling":1,"minecraft:sand":6},"minecraft:mined":{"minecraft:birch_sapling":1,"minecraft:grass":5,"minecraft:spruce_leaves":7,"minecraft:fern":1}},"DataVersion":3465}